{"cameraMode":{"drawMode":0,"name":"Shaded","section":"Shading Mode"},"sceneLighting":false,"audioPlay":false,"sceneViewState":{"m_AlwaysRefresh":false,"showFog":true,"showSkybox":false,"showFlares":true,"showImageEffects":true,"showParticleSystems":true,"showVisualEffectGraphs":true,"m_FxEnabled":true},"in2DMode":false,"pivot":{"x":0.037662699818611148,"y":0.622978687286377,"z":0.06388427317142487},"rotation":{"x":-0.13242003321647645,"y":0.8640987873077393,"z":-0.2991744577884674,"w":-0.3824664056301117},"size":0.6675158143043518,"orthographic":false}