{"cameraMode":{"drawMode":0,"name":"Shaded","section":"Shading Mode"},"sceneLighting":false,"audioPlay":false,"sceneViewState":{"m_AlwaysRefresh":false,"showFog":true,"showSkybox":false,"showFlares":true,"showImageEffects":true,"showParticleSystems":true,"showVisualEffectGraphs":true,"m_FxEnabled":true},"in2DMode":false,"pivot":{"x":-0.05493798851966858,"y":0.7128434181213379,"z":-0.10683311522006989},"rotation":{"x":-0.05522572621703148,"y":0.9220405220985413,"z":-0.35530412197113039,"w":-0.14331521093845368},"size":1.1700913906097413,"orthographic":false}