{"cameraMode":{"drawMode":0,"name":"Shaded","section":"Shading Mode"},"sceneLighting":false,"audioPlay":false,"sceneViewState":{"m_AlwaysRefresh":false,"showFog":true,"showSkybox":false,"showFlares":true,"showImageEffects":true,"showParticleSystems":true,"showVisualEffectGraphs":true,"m_FxEnabled":true},"in2DMode":false,"pivot":{"x":6.470704078674316,"y":7.327050685882568,"z":5.806926727294922},"rotation":{"x":-0.13850300014019013,"y":0.8588355183601379,"z":-0.31039801239967348,"w":-0.38322213292121889},"size":0.000017320508050033823,"orthographic":false}