{"cameraMode":{"drawMode":0,"name":"Shaded","section":"Shading Mode"},"sceneLighting":true,"audioPlay":false,"sceneViewState":{"m_AlwaysRefresh":false,"showFog":true,"showSkybox":false,"showFlares":true,"showImageEffects":true,"showParticleSystems":true,"showVisualEffectGraphs":true,"m_FxEnabled":true},"in2DMode":false,"pivot":{"x":0.08629751205444336,"y":0.1029958724975586,"z":-0.07781589031219483},"rotation":{"x":-0.19086074829101563,"y":-0.5593510270118713,"z":0.13421796262264253,"w":-0.7954095602035523},"size":2.766951084136963,"orthographic":false}