{"cameraMode":{"drawMode":0,"name":"Shaded","section":"Shading Mode"},"sceneLighting":false,"audioPlay":false,"sceneViewState":{"m_AlwaysRefresh":false,"showFog":true,"showSkybox":false,"showFlares":true,"showImageEffects":true,"showParticleSystems":true,"showVisualEffectGraphs":true,"m_FxEnabled":true},"in2DMode":false,"pivot":{"x":0.1540461778640747,"y":0.3335250914096832,"z":0.48976048827171328},"rotation":{"x":-0.04563230276107788,"y":0.9380958676338196,"z":-0.31536829471588137,"w":-0.1357388198375702},"size":1.8446354866027833,"orthographic":false}