{"cameraMode":{"drawMode":0,"name":"Shaded","section":"Shading Mode"},"sceneLighting":false,"audioPlay":false,"sceneViewState":{"m_AlwaysRefresh":false,"showFog":true,"showSkybox":false,"showFlares":true,"showImageEffects":true,"showParticleSystems":true,"showVisualEffectGraphs":true,"m_FxEnabled":true},"in2DMode":false,"pivot":{"x":0.4681694507598877,"y":0.059130191802978519,"z":0.08146357536315918},"rotation":{"x":-0.1256641000509262,"y":0.8694937229156494,"z":-0.2850657105445862,"w":-0.38329562544822695},"size":2.4595131874084474,"orthographic":false}