{"cameraMode":{"drawMode":0,"name":"Shaded","section":"Shading Mode"},"sceneLighting":true,"audioPlay":false,"sceneViewState":{"m_AlwaysRefresh":false,"showFog":true,"showSkybox":false,"showFlares":true,"showImageEffects":true,"showParticleSystems":true,"showVisualEffectGraphs":true,"m_FxEnabled":true},"in2DMode":false,"pivot":{"x":-0.16021092236042024,"y":0.26836857199668887,"z":-0.2083185762166977},"rotation":{"x":-0.2911597490310669,"y":-0.5136663317680359,"z":0.19071051478385926,"w":-0.7842158079147339},"size":2.766951084136963,"orthographic":false}