{"cameraMode":{"drawMode":0,"name":"Shaded","section":"Shading Mode"},"sceneLighting":false,"audioPlay":false,"sceneViewState":{"m_AlwaysRefresh":false,"showFog":true,"showSkybox":false,"showFlares":true,"showImageEffects":true,"showParticleSystems":true,"showVisualEffectGraphs":true,"m_FxEnabled":true},"in2DMode":false,"pivot":{"x":0.01162874698638916,"y":0.25131309032440188,"z":0.048547983169555667},"rotation":{"x":-0.05522572621703148,"y":0.9220405220985413,"z":-0.35530412197113039,"w":-0.14331521093845368},"size":2.3994858264923097,"orthographic":false}