{"cameraMode":{"drawMode":0,"name":"Shaded","section":"Shading Mode"},"sceneLighting":false,"audioPlay":false,"sceneViewState":{"m_AlwaysRefresh":false,"showFog":true,"showSkybox":false,"showFlares":true,"showImageEffects":true,"showParticleSystems":true,"showVisualEffectGraphs":true,"m_FxEnabled":true},"in2DMode":false,"pivot":{"x":0.9430718421936035,"y":2.415358304977417,"z":2.5034518241882326},"rotation":{"x":-0.06426702439785004,"y":0.9180865287780762,"z":-0.3537803888320923,"w":-0.16677802801132203},"size":0.00001732051168801263,"orthographic":false}